title,created_at
Углекислый газ на МКС,сегодня в 12:40
Диммируемые споты GX53 с регулируемым углом освещения,вчера в 20:36
Как мы перевели 10 миллионов строк кода C++ на стандарт C++14 (а потом и на C++17),сегодня в 10:26
Наш путь к централизованному хранению логов,сегодня в 11:07
Мечта летать с электротехническим уклоном,сегодня в 15:32
В трёх статьях о наименьших квадратах: ликбез по теории вероятностей,вчера в 20:15
Современная MVI-архитектура на базе Kotlin. Часть 1,сегодня в 16:01
Спутниковый интернет Starlink от SpaceX – «лицензия для печати денег»,сегодня в 00:10
«Монстры в играх или делаем страх разнообразным»,вчера в 20:39
"Посекундный биллинг, маркетплейс и песочницы для Big Data: что могут тестовые среды в облаке",сегодня в 09:49
Резервное копирование на кассеты,сегодня в 09:43
"Полезный обзор. 28 книг, которые повлияли на мое мышление, вдохновили или сделали лучше",сегодня в 13:58
Mail.Ru назвала «абсурдным» рейтинг сайтов от «Яндекса» и требует удалить из него свои бренды,сегодня в 11:07
Занимательный JavaScript: Без фигурных скобок,сегодня в 10:20
DNS Over TLS & Over HTTPS теперь и на iOS/Android и для всех сетей сразу [Спасибо Cloudflare],вчера в 21:14
Так что же такое pod в Kubernetes?,сегодня в 13:34
"Java Script != JavaScript. Пять джав в одном классе. Скриптуем так, чтобы запомнили навсегда",сегодня в 10:21
Подключение Multipath LUN СХД к Windows Server 2008 и Windows Server 2012,сегодня в 12:36
GPU консоли Nintendo DS и его интересные особенности,сегодня в 11:16
"Google Analytics. Синхронизация с пикселями Facebook, VK, Yandex, MyTarget",сегодня в 12:50
Установка АТС 3CX в облаке Amazon Lightsail,сегодня в 11:13
"Болтай, извлекай: архитектура сложных чат-ботов",сегодня в 10:52
Введение в React Hooks,сегодня в 15:38
"Взломщики генома продемонстрировали, что ни одна ДНК уже не будет анонимной",сегодня в 15:00
"Проще, чем MQTT? MQTT/UDP",сегодня в 13:19
"Как настроить установку переменных окружения Nuxt.js в рантайме, или Как сделать всё не как все и не пожалеть",сегодня в 18:11
"Digital Workspace, часть 1: Citrix",сегодня в 10:44
ArduPilot для новичков. Установка и настройка на BeagleBone Blue,сегодня в 16:16
"Хочу всего и сразу! Изучаем оперативную память HyperX Predator DDR4 RGB, с частотой 4000 MHz",сегодня в 15:33
Почему важна SRE-документация. Ч.1,сегодня в 18:27
5 лучших игр на ПК для изучения английского,сегодня в 13:42
Использование UTF-8 в HTTP заголовках,сегодня в 09:05
Причины отказа хостерам при добавлении в каталоги,вчера в 22:09
Частичка программы HolyJS 2018 Moscow,сегодня в 15:39
Видео докладов с MOSDROID #13 Aluminium,сегодня в 12:07
Как НАСА будет использовать роботов для создания ракетного топлива из марсианской почвы,сегодня в 10:00
Бесплатный курс «Check Point для начинающих» на CheckMates,сегодня в 10:02
"Google PageSpeed Insights кардинально обновился, что изменится?",сегодня в 07:47
В России построят большой суперкомпьютер на процессорах «Эльбрус»,сегодня в 14:46
Потоковая аналитика: быстрый запуск с SAS ESP,сегодня в 10:47
С трубкой в кармане: DECT-оборудование Snom для беспроводных телефонных сетей,сегодня в 09:02
"Снова про собеседования, но в заморских странах",сегодня в 09:59
"Руководство по JavaScript, часть 2: стиль кода и структура программ",сегодня в 12:00
"Как создать героя, в которого будут верить",сегодня в 10:17
Errorx — библиотека для работы с ошибками в Go,сегодня в 11:54
"«Не надо скромничать. Пробуй!». Интервью о жизни, компиляторах и жизни в компиляторах с Alexandre Mutel из Unity",сегодня в 13:27
"Курс MIT «Безопасность компьютерных систем». Лекция 17: «Аутентификация пользователя», часть 1",сегодня в 11:00
Как начинающему разработчику выжить на собеседовании и не сойти с ума на работе,сегодня в 13:47
Security Week 46: давайте что-нибудь обновим,вчера в 20:31
"Поваренная книга разработчика: DDD-рецепты (3-я часть, Архитектура приложения)",сегодня в 16:44
Оптимальное расположение шардов в петабайтном кластере Elasticsearch: линейное программирование,сегодня в 16:23
